casino,month,year,table_games_win,slot_win,total_casino_win
BALLY'S ATLANTIC CITY,January,2022,3045482,5738134,8783616
BALLY'S ATLANTIC CITY,February,2022,3115899,7620862,10736761
BALLY'S ATLANTIC CITY,March,2022,5783567,7694689,13478256
BALLY'S ATLANTIC CITY,April,2022,5003408,9415408,14418816
BALLY'S ATLANTIC CITY,May,2022,2351636,10319057,12670693
BALLY'S ATLANTIC CITY,June,2022,3343527,10203953,13547480
BALLY'S ATLANTIC CITY,July,2022,4041541,12778755,16820296
BALLY'S ATLANTIC CITY,August,2022,4327752,11408137,15735889
BALLY'S ATLANTIC CITY,September,2022,5867284,10024871,15892155
BALLY'S ATLANTIC CITY,October,2022,2326016,8502223,10828239
BALLY'S ATLANTIC CITY,November,2022,2204689,7829820,10034509
BALLY'S ATLANTIC CITY,December,2022,3586863,7367852,10954715
BALLY'S ATLANTIC CITY,January,2023,3619716,7924388,11544104
BALLY'S ATLANTIC CITY,February,2023,4452912,7816255,12269167
BALLY'S ATLANTIC CITY,March,2023,1999994,8550255,10550249
BALLY'S ATLANTIC CITY,April,2023,4250361,9543636,13793997
BALLY'S ATLANTIC CITY,May,2023,3766052,9431667,13197719
BALLY'S ATLANTIC CITY,June,2023,2873860,9557711,12431571
BALLY'S ATLANTIC CITY,July,2023,4867788,12335800,17203588
BALLY'S ATLANTIC CITY,August,2023,2726329,12282865,15009194
BALLY'S ATLANTIC CITY,September,2023,2285484,10854728,13140212
BALLY'S ATLANTIC CITY,October,2023,3626883,8809801,12436684
BALLY'S ATLANTIC CITY,November,2023,3827588,8256457,12084045
BALLY'S ATLANTIC CITY,December,2023,2773507,8743747,11517254
BALLY'S ATLANTIC CITY,January,2024,2791254,7279132,10070386
BALLY'S ATLANTIC CITY,February,2024,2274916,8382280,10657196
BALLY'S ATLANTIC CITY,March,2024,2518835,9214455,11733290
BALLY'S ATLANTIC CITY,April,2024,4459706,8660139,13119845
BALLY'S ATLANTIC CITY,May,2024,2443292,9982683,12425975
BALLY'S ATLANTIC CITY,June,2024,3507263,10048135,13555398
BALLY'S ATLANTIC CITY,July,2024,2552027,10752092,13304119
BALLY'S ATLANTIC CITY,August,2024,3118852,12519444,15638296
BALLY'S ATLANTIC CITY,September,2024,2813861,9754267,12568128
BALLY'S ATLANTIC CITY,October,2024,2409884,9062337,11472221
BALLY'S ATLANTIC CITY,November,2024,1849576,8989016,10838592
BALLY'S ATLANTIC CITY,December,2024,1903641,8105173,10008814
BALLY'S ATLANTIC CITY,January,2025,2288429,7380313,9668742
BALLY'S ATLANTIC CITY,February,2025,1876096,7348757,9224853
BALLY'S ATLANTIC CITY,March,2025,3174276,7866789,11041065
BALLY'S ATLANTIC CITY,April,2025,2855707,7417430,10273137
BALLY'S ATLANTIC CITY,May,2025,3489826,8375181,11865007
BALLY'S ATLANTIC CITY,June,2025,3237117,7852529,11089646
BALLY'S ATLANTIC CITY,July,2025,4370113,9749050,14119163
BALLY'S ATLANTIC CITY,August,2025,3453419,10998311,14451730
BALLY'S ATLANTIC CITY,September,2025,2881893,7246040,10127933
BALLY'S ATLANTIC CITY,October,2025,3265721,8068595,11334316
BALLY'S ATLANTIC CITY,November,2025,2681516,7997769,10679285
BALLY'S ATLANTIC CITY,December,2025,2720574,6430141,9150715
BORGATA HOTEL CASINO & SPA,January,2022,13317917,33964993,48396497
BORGATA HOTEL CASINO & SPA,February,2022,12516223,39014326,52840605
BORGATA HOTEL CASINO & SPA,March,2022,13349637,40356671,54967754
BORGATA HOTEL CASINO & SPA,April,2022,16964065,43336023,61603848
BORGATA HOTEL CASINO & SPA,May,2022,17661906,44481993,63368577
BORGATA HOTEL CASINO & SPA,June,2022,10736950,42410161,54253745
BORGATA HOTEL CASINO & SPA,July,2022,21678595,53657028,76729791
BORGATA HOTEL CASINO & SPA,August,2022,20091921,50554696,71971836
BORGATA HOTEL CASINO & SPA,September,2022,14466041,46598396,62335575
BORGATA HOTEL CASINO & SPA,October,2022,14613853,46654340,62453512
BORGATA HOTEL CASINO & SPA,November,2022,14371124,39348832,55010319
BORGATA HOTEL CASINO & SPA,December,2022,18906858,40272630,60489317
BORGATA HOTEL CASINO & SPA,January,2023,14518163,41763985,58372133
BORGATA HOTEL CASINO & SPA,February,2023,14997903,41314395,57475769
BORGATA HOTEL CASINO & SPA,March,2023,17663063,42584686,61502582
BORGATA HOTEL CASINO & SPA,April,2023,13789335,43150764,58104927
BORGATA HOTEL CASINO & SPA,May,2023,12766622,46374900,60516428
BORGATA HOTEL CASINO & SPA,June,2023,13981022,45371943,60526413
BORGATA HOTEL CASINO & SPA,July,2023,20297216,56963460,78550354
BORGATA HOTEL CASINO & SPA,August,2023,20722536,51051733,73031668
BORGATA HOTEL CASINO & SPA,September,2023,15369738,37796232,54278139
BORGATA HOTEL CASINO & SPA,October,2023,15597670,40293565,56883250
BORGATA HOTEL CASINO & SPA,November,2023,11513513,38802485,51671218
BORGATA HOTEL CASINO & SPA,December,2023,12861626,44576725,58755449
BORGATA HOTEL CASINO & SPA,January,2024,18535281,36308288,57643081
BORGATA HOTEL CASINO & SPA,February,2024,13105026,39404877,53609599
BORGATA HOTEL CASINO & SPA,March,2024,13823078,41471475,56519166
BORGATA HOTEL CASINO & SPA,April,2024,15521160,41696159,58386117
BORGATA HOTEL CASINO & SPA,May,2024,14875023,44733440,61394620
BORGATA HOTEL CASINO & SPA,June,2024,18482323,44785595,64296319
BORGATA HOTEL CASINO & SPA,July,2024,19812838,54877361,75972123
BORGATA HOTEL CASINO & SPA,August,2024,19272954,53562497,74191751
BORGATA HOTEL CASINO & SPA,September,2024,17187025,43257853,62395309
BORGATA HOTEL CASINO & SPA,October,2024,10833355,41585301,53409391
BORGATA HOTEL CASINO & SPA,November,2024,13385249,42978968,57561624
BORGATA HOTEL CASINO & SPA,December,2024,18935367,42666896,62727821
BORGATA HOTEL CASINO & SPA,January,2025,17844442,40150627,60365648
BORGATA HOTEL CASINO & SPA,February,2025,11074456,37760771,49890910
BORGATA HOTEL CASINO & SPA,March,2025,12521545,44639334,58368719
BORGATA HOTEL CASINO & SPA,April,2025,13716946,43786020,58550695
BORGATA HOTEL CASINO & SPA,May,2025,20931572,51110442,73130508
BORGATA HOTEL CASINO & SPA,June,2025,27948383,47768527,76741569
BORGATA HOTEL CASINO & SPA,July,2025,22102904,55872134,79927559
BORGATA HOTEL CASINO & SPA,August,2025,18811705,60066473,80246384
BORGATA HOTEL CASINO & SPA,September,2025,15953785,45328699,62756636
BORGATA HOTEL CASINO & SPA,October,2025,17897872,49197529,68484340
BORGATA HOTEL CASINO & SPA,November,2025,23183973,47255228,72069800
BORGATA HOTEL CASINO & SPA,December,2025,16482329,42659568,60289799
CAESARS ATLANTIC CITY,January,2022,6016276,9984334,16000610
CAESARS ATLANTIC CITY,February,2022,5844578,12905121,18749699
CAESARS ATLANTIC CITY,March,2022,6215967,12246903,18462870
CAESARS ATLANTIC CITY,April,2022,4298327,15897900,20196227
CAESARS ATLANTIC CITY,May,2022,6494994,13787279,20282273
CAESARS ATLANTIC CITY,June,2022,5616634,13608881,19225515
CAESARS ATLANTIC CITY,July,2022,8496504,16659718,25156222
CAESARS ATLANTIC CITY,August,2022,5942097,15712437,21654534
CAESARS ATLANTIC CITY,September,2022,7710632,14706106,22416738
CAESARS ATLANTIC CITY,October,2022,4644291,12911316,17555607
CAESARS ATLANTIC CITY,November,2022,5884919,13121323,19006242
CAESARS ATLANTIC CITY,December,2022,4800621,11807014,16607635
CAESARS ATLANTIC CITY,January,2023,5368200,11435662,16803862
CAESARS ATLANTIC CITY,February,2023,6329555,12675092,19004647
CAESARS ATLANTIC CITY,March,2023,4952435,12188564,17140999
CAESARS ATLANTIC CITY,April,2023,5452299,14192898,19645197
CAESARS ATLANTIC CITY,May,2023,5121969,13205554,18327523
CAESARS ATLANTIC CITY,June,2023,5919553,15500634,21420187
CAESARS ATLANTIC CITY,July,2023,7656120,17202422,24858542
CAESARS ATLANTIC CITY,August,2023,3371439,18629847,22001286
CAESARS ATLANTIC CITY,September,2023,6420878,14976456,21397334
CAESARS ATLANTIC CITY,October,2023,1544831,12854172,14399003
CAESARS ATLANTIC CITY,November,2023,4818823,12725241,17544064
CAESARS ATLANTIC CITY,December,2023,5225211,13577489,18802700
CAESARS ATLANTIC CITY,January,2024,5745611,9746908,15492519
CAESARS ATLANTIC CITY,February,2024,4171346,12236786,16408132
CAESARS ATLANTIC CITY,March,2024,5620430,12883065,18503495
CAESARS ATLANTIC CITY,April,2024,4486086,11542282,16028368
CAESARS ATLANTIC CITY,May,2024,4251208,13709178,17960386
CAESARS ATLANTIC CITY,June,2024,4699588,14342388,19041976
CAESARS ATLANTIC CITY,July,2024,4811533,15154687,19966220
CAESARS ATLANTIC CITY,August,2024,6221904,17793071,24014975
CAESARS ATLANTIC CITY,September,2024,6845613,13680240,20525853
CAESARS ATLANTIC CITY,October,2024,2815347,12176963,14992310
CAESARS ATLANTIC CITY,November,2024,3884356,12578906,16463262
CAESARS ATLANTIC CITY,December,2024,6808859,12204969,19013828
CAESARS ATLANTIC CITY,January,2025,3251314,10422743,13674057
CAESARS ATLANTIC CITY,February,2025,3454473,10526271,13980744
CAESARS ATLANTIC CITY,March,2025,3916416,12745041,16661457
CAESARS ATLANTIC CITY,April,2025,2951448,11701617,14653065
CAESARS ATLANTIC CITY,May,2025,5986862,13878677,19865539
CAESARS ATLANTIC CITY,June,2025,7078158,13381573,20459731
CAESARS ATLANTIC CITY,July,2025,3276024,15513701,18789725
CAESARS ATLANTIC CITY,August,2025,6473351,18290952,24764303
CAESARS ATLANTIC CITY,September,2025,3682585,12941796,16624381
CAESARS ATLANTIC CITY,October,2025,4346469,11671513,16017982
CAESARS ATLANTIC CITY,November,2025,1644516,10814708,12459224
CAESARS ATLANTIC CITY,December,2025,5347352,10567583,15914935
GOLDEN NUGGET,January,2022,2110628,8300505,10411133
GOLDEN NUGGET,February,2022,2784819,10179540,12964359
GOLDEN NUGGET,March,2022,2582153,10036950,12619103
GOLDEN NUGGET,April,2022,1742904,10569197,12312101
GOLDEN NUGGET,May,2022,1874567,10916040,12790607
GOLDEN NUGGET,June,2022,2633728,9937643,12571371
GOLDEN NUGGET,July,2022,2346547,12140463,14487010
GOLDEN NUGGET,August,2022,2430451,10510241,12940692
GOLDEN NUGGET,September,2022,2942102,10555975,13498077
GOLDEN NUGGET,October,2022,2396217,9632470,12028687
GOLDEN NUGGET,November,2022,2069186,9245698,11314884
GOLDEN NUGGET,December,2022,1712146,9181144,10893290
GOLDEN NUGGET,January,2023,1896887,9095512,10992399
GOLDEN NUGGET,February,2023,1624567,9539425,11163992
GOLDEN NUGGET,March,2023,2272533,9993968,12266501
GOLDEN NUGGET,April,2023,2962265,10165679,13127944
GOLDEN NUGGET,May,2023,2344978,10312733,12657711
GOLDEN NUGGET,June,2023,1657147,10163113,11820260
GOLDEN NUGGET,July,2023,2546267,11449306,13995573
GOLDEN NUGGET,August,2023,1987400,11166376,13153776
GOLDEN NUGGET,September,2023,2225569,10447663,12673232
GOLDEN NUGGET,October,2023,2288563,9933275,12221838
GOLDEN NUGGET,November,2023,2090878,8911216,11002094
GOLDEN NUGGET,December,2023,1463642,9570018,11033660
GOLDEN NUGGET,January,2024,1933267,8970456,10903723
GOLDEN NUGGET,February,2024,2062375,9544468,11606843
GOLDEN NUGGET,March,2024,3467216,10200276,13667492
GOLDEN NUGGET,April,2024,2746176,9973645,12719821
GOLDEN NUGGET,May,2024,3376817,10174926,13551743
GOLDEN NUGGET,June,2024,2318911,10193114,12512025
GOLDEN NUGGET,July,2024,3242758,10855902,14098660
GOLDEN NUGGET,August,2024,3475136,11154945,14630081
GOLDEN NUGGET,September,2024,2154830,8932225,11087055
GOLDEN NUGGET,October,2024,1430740,8269252,9699992
GOLDEN NUGGET,November,2024,3381160,8360505,11741665
GOLDEN NUGGET,December,2024,2419937,8503153,10923090
GOLDEN NUGGET,January,2025,2654916,7559172,10214088
GOLDEN NUGGET,February,2025,2195293,8258662,10453955
GOLDEN NUGGET,March,2025,2281692,9495220,11776912
GOLDEN NUGGET,April,2025,1987267,9080295,11067562
GOLDEN NUGGET,May,2025,1843187,10096808,11939995
GOLDEN NUGGET,June,2025,1756229,9840051,11596280
GOLDEN NUGGET,July,2025,2340509,10545925,12886434
GOLDEN NUGGET,August,2025,2711243,11738259,14449502
GOLDEN NUGGET,September,2025,1190016,8769478,9959494
GOLDEN NUGGET,October,2025,1935158,8812134,10747292
GOLDEN NUGGET,November,2025,2203702,8754869,10958571
GOLDEN NUGGET,December,2025,1803055,7951860,9754915
HARD ROCK ATLANTIC CITY,January,2022,12274012,22458669,34732681
HARD ROCK ATLANTIC CITY,February,2022,12072772,25324664,37397436
HARD ROCK ATLANTIC CITY,March,2022,12837080,26480171,39317251
HARD ROCK ATLANTIC CITY,April,2022,13180550,27410262,40590812
HARD ROCK ATLANTIC CITY,May,2022,11875583,29625904,41501487
HARD ROCK ATLANTIC CITY,June,2022,16009581,28547996,44557577
HARD ROCK ATLANTIC CITY,July,2022,17063188,35827283,52890471
HARD ROCK ATLANTIC CITY,August,2022,12113242,33693980,45807222
HARD ROCK ATLANTIC CITY,September,2022,13267918,30405985,43673903
HARD ROCK ATLANTIC CITY,October,2022,12545614,26412712,38958326
HARD ROCK ATLANTIC CITY,November,2022,10220064,25253650,35473714
HARD ROCK ATLANTIC CITY,December,2022,11497855,25953181,37451036
HARD ROCK ATLANTIC CITY,January,2023,10203988,25706054,35910042
HARD ROCK ATLANTIC CITY,February,2023,11217708,26293934,37511642
HARD ROCK ATLANTIC CITY,March,2023,11411440,28555943,39967383
HARD ROCK ATLANTIC CITY,April,2023,11497967,27304107,38802074
HARD ROCK ATLANTIC CITY,May,2023,10231389,28555432,38786821
HARD ROCK ATLANTIC CITY,June,2023,13345517,29952096,43297613
HARD ROCK ATLANTIC CITY,July,2023,15411368,37647900,53059268
HARD ROCK ATLANTIC CITY,August,2023,15688295,35032610,50720905
HARD ROCK ATLANTIC CITY,September,2023,12208092,34641540,46849632
HARD ROCK ATLANTIC CITY,October,2023,13356062,27877974,41234036
HARD ROCK ATLANTIC CITY,November,2023,13160320,28253358,41413678
HARD ROCK ATLANTIC CITY,December,2023,13279030,31611784,44890814
HARD ROCK ATLANTIC CITY,January,2024,10329846,26987155,37317001
HARD ROCK ATLANTIC CITY,February,2024,12966883,28149836,41116719
HARD ROCK ATLANTIC CITY,March,2024,14334100,30040630,44374730
HARD ROCK ATLANTIC CITY,April,2024,11955830,29175641,41131471
HARD ROCK ATLANTIC CITY,May,2024,16965056,32900023,49865079
HARD ROCK ATLANTIC CITY,June,2024,14512085,33906677,48418762
HARD ROCK ATLANTIC CITY,July,2024,15136386,39534589,54670975
HARD ROCK ATLANTIC CITY,August,2024,15311038,40065552,55376590
HARD ROCK ATLANTIC CITY,September,2024,12838101,31801060,44639161
HARD ROCK ATLANTIC CITY,October,2024,12342022,28499592,40841614
HARD ROCK ATLANTIC CITY,November,2024,13573466,30760313,44333779
HARD ROCK ATLANTIC CITY,December,2024,13066813,29780709,42847522
HARD ROCK ATLANTIC CITY,January,2025,12452894,25606567,38059461
HARD ROCK ATLANTIC CITY,February,2025,12919485,28953817,41873302
HARD ROCK ATLANTIC CITY,March,2025,14081989,30382586,44464575
HARD ROCK ATLANTIC CITY,April,2025,13121928,28424171,41546099
HARD ROCK ATLANTIC CITY,May,2025,15493639,36456461,51950100
HARD ROCK ATLANTIC CITY,June,2025,12724633,33052665,45777298
HARD ROCK ATLANTIC CITY,July,2025,15199013,39921572,55120585
HARD ROCK ATLANTIC CITY,August,2025,17559924,40764134,58324058
HARD ROCK ATLANTIC CITY,September,2025,14315393,31117808,45433201
HARD ROCK ATLANTIC CITY,October,2025,10959095,31512419,42471514
HARD ROCK ATLANTIC CITY,November,2025,14593829,30737261,45331090
HARD ROCK ATLANTIC CITY,December,2025,11507389,28988948,40496337
HARRAH'S ATLANTIC CITY,January,2022,3818009,13313565,17388034
HARRAH'S ATLANTIC CITY,February,2022,3993919,15484489,19782712
HARRAH'S ATLANTIC CITY,March,2022,4073119,15641469,20010365
HARRAH'S ATLANTIC CITY,April,2022,3379226,19496056,23172402
HARRAH'S ATLANTIC CITY,May,2022,4717734,16254421,21243212
HARRAH'S ATLANTIC CITY,June,2022,4092231,15779863,20145201
HARRAH'S ATLANTIC CITY,July,2022,5764556,20374006,26432039
HARRAH'S ATLANTIC CITY,August,2022,4962328,19714095,24993072
HARRAH'S ATLANTIC CITY,September,2022,4574750,1850,23221473
HARRAH'S ATLANTIC CITY,October,2022,3766227,1850,20202944
HARRAH'S ATLANTIC CITY,November,2022,4405624,1850,21037442
HARRAH'S ATLANTIC CITY,December,2022,3707783,1850,20234884
HARRAH'S ATLANTIC CITY,January,2023,4732478,15148458,20154773
HARRAH'S ATLANTIC CITY,February,2023,4180544,16956975,21387053
HARRAH'S ATLANTIC CITY,March,2023,4359289,16005504,20622053
HARRAH'S ATLANTIC CITY,April,2023,4085569,17513289,21852768
HARRAH'S ATLANTIC CITY,May,2023,3623320,15158269,19047194
HARRAH'S ATLANTIC CITY,June,2023,4223203,16441144,20915117
HARRAH'S ATLANTIC CITY,July,2023,5696960,19230015,25229950
HARRAH'S ATLANTIC CITY,August,2023,5076404,19167307,24532895
HARRAH'S ATLANTIC CITY,September,2023,4181036,17783196,22233944
HARRAH'S ATLANTIC CITY,November,2023,3838285,15348802,19443782
HARRAH'S ATLANTIC CITY,December,2023,4063594,16541694,20859715
HARRAH'S ATLANTIC CITY,January,2024,3408031,12272939,15949106
HARRAH'S ATLANTIC CITY,February,2024,3675938,14329775,18241402
HARRAH'S ATLANTIC CITY,March,2024,4033477,16747272,21037177
HARRAH'S ATLANTIC CITY,April,2024,3532078,12673694,16409780
HARRAH'S ATLANTIC CITY,May,2024,3103170,14910009,18246631
HARRAH'S ATLANTIC CITY,June,2024,2831817,14626665,17672812
HARRAH'S ATLANTIC CITY,July,2024,3541212,15427684,19201323
HARRAH'S ATLANTIC CITY,August,2024,4540724,20325856,25110944
HARRAH'S ATLANTIC CITY,September,2024,3460406,14944794,18610188
HARRAH'S ATLANTIC CITY,October,2024,2538029,13021329,15752037
HARRAH'S ATLANTIC CITY,November,2024,3547805,14601451,18359891
HARRAH'S ATLANTIC CITY,December,2024,3709048,15355493,19287538
HARRAH'S ATLANTIC CITY,January,2025,4076406,12773328,17076683
HARRAH'S ATLANTIC CITY,February,2025,3195841,15024534,18406403
HARRAH'S ATLANTIC CITY,March,2025,3759303,17039238,21016824
HARRAH'S ATLANTIC CITY,April,2025,2624113,13519715,16333628
HARRAH'S ATLANTIC CITY,May,2025,3262719,16453083,19939634
HARRAH'S ATLANTIC CITY,June,2025,2930157,13981477,17108500
HARRAH'S ATLANTIC CITY,July,2025,4039213,16129903,20424098
HARRAH'S ATLANTIC CITY,August,2025,4541607,21230700,26489064
HARRAH'S ATLANTIC CITY,September,2025,2407214,13774358,16384600
HARRAH'S ATLANTIC CITY,October,2025,3157172,14114595,17478591
HARRAH'S ATLANTIC CITY,November,2025,3680360,14482738,18381402
HARRAH'S ATLANTIC CITY,December,2025,2103669,13663198,15968723
HARRAH'S ATLANTIC CITY,,2023,3420569,14145288,17807644
OCEAN CASINO RESORT,January,2022,7233158,16908571,24141729
OCEAN CASINO RESORT,February,2022,10081264,19613133,29694397
OCEAN CASINO RESORT,March,2022,5528687,19891967,25420654
OCEAN CASINO RESORT,April,2022,6161488,20080583,26242071
OCEAN CASINO RESORT,May,2022,4444231,20911466,25355697
OCEAN CASINO RESORT,June,2022,7814714,21855700,29670414
OCEAN CASINO RESORT,July,2022,12817265,27553500,40370765
OCEAN CASINO RESORT,August,2022,9617133,26942052,36559185
OCEAN CASINO RESORT,September,2022,6471242,24120185,30591427
OCEAN CASINO RESORT,October,2022,7669764,20634604,28304368
OCEAN CASINO RESORT,November,2022,9609650,21374931,30984581
OCEAN CASINO RESORT,December,2022,8102898,21387217,29490115
OCEAN CASINO RESORT,January,2023,11213974,19310273,30524247
OCEAN CASINO RESORT,February,2023,5473794,20820200,26293994
OCEAN CASINO RESORT,March,2023,12152642,22452590,34605232
OCEAN CASINO RESORT,April,2023,12197160,22004550,34201710
OCEAN CASINO RESORT,May,2023,6424811,23325676,29750487
OCEAN CASINO RESORT,June,2023,8153861,26730394,34884255
OCEAN CASINO RESORT,July,2023,8478050,29241071,37719121
OCEAN CASINO RESORT,August,2023,10513314,29015033,39528347
OCEAN CASINO RESORT,September,2023,13629707,25897318,39527025
OCEAN CASINO RESORT,October,2023,18972198,24424188,43396386
OCEAN CASINO RESORT,November,2023,6848838,24576291,31425129
OCEAN CASINO RESORT,December,2023,8431772,24704831,33136603
OCEAN CASINO RESORT,January,2024,11612284,21453258,33065542
OCEAN CASINO RESORT,February,2024,7876479,23184966,31061445
OCEAN CASINO RESORT,March,2024,15069152,25629692,40698844
OCEAN CASINO RESORT,April,2024,7041346,21841116,28882462
OCEAN CASINO RESORT,May,2024,4079926,27904021,31983947
OCEAN CASINO RESORT,June,2024,6156046,27321406,33477452
OCEAN CASINO RESORT,July,2024,6616122,29865050,36481172
OCEAN CASINO RESORT,August,2024,12120276,31923363,44043639
OCEAN CASINO RESORT,September,2024,4092277,24362946,28455223
OCEAN CASINO RESORT,October,2024,9505288,23352661,32857949
OCEAN CASINO RESORT,November,2024,8201876,25801992,34003868
OCEAN CASINO RESORT,December,2024,7787019,26892025,34679044
OCEAN CASINO RESORT,January,2025,13437426,21742896,35180322
OCEAN CASINO RESORT,February,2025,10008167,22385416,32393583
OCEAN CASINO RESORT,March,2025,8841515,25843086,34684601
OCEAN CASINO RESORT,April,2025,5977368,24636951,30614319
OCEAN CASINO RESORT,May,2025,12052625,30237289,42289914
OCEAN CASINO RESORT,June,2025,14006551,29540710,43547261
OCEAN CASINO RESORT,July,2025,10919112,32214930,43134042
OCEAN CASINO RESORT,August,2025,15705864,35458777,51164641
OCEAN CASINO RESORT,September,2025,13685844,25956968,39642812
OCEAN CASINO RESORT,October,2025,12787062,26640630,39427692
OCEAN CASINO RESORT,November,2025,11876986,27127226,39004212
OCEAN CASINO RESORT,December,2025,10188185,26827071,37015256
RESORTS CASINO HOTEL,January,2022,1785495,7464248,9249743
RESORTS CASINO HOTEL,February,2022,2757268,10153214,12910482
RESORTS CASINO HOTEL,March,2022,3037999,9962464,13000463
RESORTS CASINO HOTEL,April,2022,3277115,11049135,14326250
RESORTS CASINO HOTEL,May,2022,2942637,11204971,14147608
RESORTS CASINO HOTEL,June,2022,2214029,11501529,13715558
RESORTS CASINO HOTEL,July,2022,3361331,14780010,18141341
RESORTS CASINO HOTEL,August,2022,3726830,14731946,18458776
RESORTS CASINO HOTEL,September,2022,3642230,13078336,16720566
RESORTS CASINO HOTEL,October,2022,2447238,10459106,12906344
RESORTS CASINO HOTEL,November,2022,3116331,9407124,12523455
RESORTS CASINO HOTEL,December,2022,3296569,7941178,11237747
RESORTS CASINO HOTEL,January,2023,2568480,8540535,11109015
RESORTS CASINO HOTEL,February,2023,2561506,10085886,12647392
RESORTS CASINO HOTEL,March,2023,2821151,9838196,12659347
RESORTS CASINO HOTEL,April,2023,2134463,10309917,12444380
RESORTS CASINO HOTEL,May,2023,2533505,10913690,13447195
RESORTS CASINO HOTEL,June,2023,2919258,12287803,15207061
RESORTS CASINO HOTEL,July,2023,1394573,13819545,15214118
RESORTS CASINO HOTEL,August,2023,3175600,14425288,17600888
RESORTS CASINO HOTEL,September,2023,1774954,13162769,14937723
RESORTS CASINO HOTEL,October,2023,2185733,11113297,13299030
RESORTS CASINO HOTEL,November,2023,2184895,10313945,12498840
RESORTS CASINO HOTEL,December,2023,2633575,9845660,12479235
RESORTS CASINO HOTEL,January,2024,1997329,8950707,10948036
RESORTS CASINO HOTEL,February,2024,2153785,10043923,12197708
RESORTS CASINO HOTEL,March,2024,2143945,11260796,13404741
RESORTS CASINO HOTEL,April,2024,2390696,10063178,12453874
RESORTS CASINO HOTEL,May,2024,2131533,11474399,13605932
RESORTS CASINO HOTEL,June,2024,2344112,12560387,14904499
RESORTS CASINO HOTEL,July,2024,2628079,12875532,15503611
RESORTS CASINO HOTEL,August,2024,2038753,14054212,16092965
RESORTS CASINO HOTEL,September,2024,2653419,11704886,14358305
RESORTS CASINO HOTEL,October,2024,1784768,10286211,12070979
RESORTS CASINO HOTEL,November,2024,3597797,10374779,13972576
RESORTS CASINO HOTEL,December,2024,2577693,9788991,12366684
RESORTS CASINO HOTEL,January,2025,1967093,8772656,10739749
RESORTS CASINO HOTEL,February,2025,2082487,9299338,11381825
RESORTS CASINO HOTEL,March,2025,2365797,10715584,13081381
RESORTS CASINO HOTEL,April,2025,1918686,10255730,12174416
RESORTS CASINO HOTEL,May,2025,2037398,12603675,14641073
RESORTS CASINO HOTEL,June,2025,2013308,12542812,14556120
RESORTS CASINO HOTEL,July,2025,2743043,14081537,16824580
RESORTS CASINO HOTEL,August,2025,1500622,14643509,16144131
RESORTS CASINO HOTEL,September,2025,2279686,11290459,13570145
RESORTS CASINO HOTEL,October,2025,1812095,10910368,12722463
RESORTS CASINO HOTEL,November,2025,2049362,9968753,12018115
RESORTS CASINO HOTEL,December,2025,2327431,9683405,12010836
TROPICANA CASINO & RESORT,January,2022,3474765,10925998,14537724
TROPICANA CASINO & RESORT,February,2022,3529709,13642971,17342414
TROPICANA CASINO & RESORT,March,2022,4710947,14434254,19334230
TROPICANA CASINO & RESORT,April,2022,4300058,17948804,22428058
TROPICANA CASINO & RESORT,May,2022,4665969,16821787,21663462
TROPICANA CASINO & RESORT,June,2022,4029397,17227374,21455987
TROPICANA CASINO & RESORT,July,2022,5656037,22078805,27962688
TROPICANA CASINO & RESORT,August,2022,4560024,21081052,25854657
TROPICANA CASINO & RESORT,September,2022,4588138,18607160,23388217
TROPICANA CASINO & RESORT,October,2022,2348731,14877933,17385367
TROPICANA CASINO & RESORT,November,2022,4335371,14748444,19150379
TROPICANA CASINO & RESORT,December,2022,4316649,13853340,18272808
TROPICANA CASINO & RESORT,January,2023,3213030,12894238,16264674
TROPICANA CASINO & RESORT,February,2023,3225239,13830722,17214836
TROPICANA CASINO & RESORT,March,2023,4551385,14590907,19333383
TROPICANA CASINO & RESORT,April,2023,3830676,15481720,19501379
TROPICANA CASINO & RESORT,May,2023,5767945,15658321,21615608
TROPICANA CASINO & RESORT,June,2023,3892159,16976768,21058140
TROPICANA CASINO & RESORT,July,2023,4017556,19904613,24146255
TROPICANA CASINO & RESORT,August,2023,4739186,19772632,24706715
TROPICANA CASINO & RESORT,September,2023,4166560,17140615,21480478
TROPICANA CASINO & RESORT,October,2023,2704752,13564023,16403410
TROPICANA CASINO & RESORT,November,2023,4037990,13672487,17849228
TROPICANA CASINO & RESORT,December,2023,4654114,16151776,20974329
TROPICANA CASINO & RESORT,January,2024,2518988,10648429,13318129
TROPICANA CASINO & RESORT,February,2024,2931364,13615758,16687079
TROPICANA CASINO & RESORT,March,2024,4364404,15275108,19821497
TROPICANA CASINO & RESORT,April,2024,4416415,13150036,17702267
TROPICANA CASINO & RESORT,May,2024,4465876,15462020,20096791
TROPICANA CASINO & RESORT,June,2024,3786139,16246642,20208223
TROPICANA CASINO & RESORT,July,2024,4936918,18001136,23130064
TROPICANA CASINO & RESORT,August,2024,4508241,20232212,24941126
TROPICANA CASINO & RESORT,September,2024,2985141,14831227,17973560
TROPICANA CASINO & RESORT,October,2024,3844539,13640796,17620875
TROPICANA CASINO & RESORT,November,2024,3249114,13278753,16673197
TROPICANA CASINO & RESORT,December,2024,5078712,14674453,19898558
TROPICANA CASINO & RESORT,January,2025,3910465,11032479,15078957
TROPICANA CASINO & RESORT,February,2025,3207215,12538408,15868006
TROPICANA CASINO & RESORT,March,2025,4753270,14901062,19796837
TROPICANA CASINO & RESORT,April,2025,2277204,13346443,15749867
TROPICANA CASINO & RESORT,May,2025,3987484,15546155,19676896
TROPICANA CASINO & RESORT,June,2025,3119197,14869852,18140353
TROPICANA CASINO & RESORT,July,2025,3898185,18824520,22900345
TROPICANA CASINO & RESORT,August,2025,4561945,21138074,25879044
TROPICANA CASINO & RESORT,September,2025,2400901,13722133,16235696
TROPICANA CASINO & RESORT,October,2025,2436953,13508326,16051700
TROPICANA CASINO & RESORT,November,2025,3104636,12688672,15905672
TROPICANA CASINO & RESORT,December,2025,3065329,12340777,15520861
